{"cameraMode":{"drawMode":0,"name":"Shaded","section":"Shading Mode"},"sceneLighting":true,"audioPlay":false,"sceneViewState":{"showFog":false,"showMaterialUpdate":false,"showSkybox":false,"showFlares":false,"showImageEffects":false,"showParticleSystems":false},"in2DMode":false,"pivot":{"x":-148.11000061035157,"y":57.459999084472659,"z":533.2100219726563},"rotation":{"x":0.07115717232227326,"y":0.7699361443519592,"z":-0.08722728490829468,"w":0.6281133890151978},"size":19.706357955932618,"orthographic":false}